{
  "annotations": {
    "list": [
      {
        "builtIn": 1,
        "datasource": {
          "type": "datasource",
          "uid": "grafana"
        },
        "enable": true,
        "hide": true,
        "iconColor": "rgba(0, 211, 255, 1)",
        "name": "Annotations & Alerts",
        "type": "dashboard"
      }
    ]
  },
  "description": "Shows Statistics Collected from XVMS on a given host.",
  "editable": true,
  "fiscalYearStartMonth": 0,
  "graphTooltip": 1,
  "id": 8,
  "links": [
    {
      "asDropdown": true,
      "icon": "external link",
      "includeVars": true,
      "keepTime": true,
      "tags": [
        "lumino"
      ],
      "title": "Links",
      "type": "dashboards"
    }
  ],
  "liveNow": false,
  "panels": [
    {
      "collapsed": false,
      "datasource": {
        "type": "influxdb",
        "uid": "e8057bed-749f-4616-9579-2005d068cb1f"
      },
      "gridPos": {
        "h": 1,
        "w": 24,
        "x": 0,
        "y": 0
      },
      "id": 8,
      "panels": [],
      "targets": [
        {
          "datasource": {
            "type": "influxdb",
            "uid": "e8057bed-749f-4616-9579-2005d068cb1f"
          },
          "refId": "A"
        }
      ],
      "title": "Summary",
      "type": "row"
    },
    {
      "datasource": {
        "type": "influxdb",
        "uid": "$datasource"
      },
      "description": "This table summarizes high-level resource usage for each XVM that reported stats during the selected time interval. \n\nClicking on a row will take you to the XVM dashboard for the XVM. \n\n* **Last Heartbeat**: The time of last collected heartbeat for the XVM. \n* **XVM**: The name of the XVM.\n* **Loaded Time**: The time at which the XVM was loaded.\n* **CPU**: The last reported value of recent CPU usage by the XVM's process. \n* **Heap Used**: The amount of used heap memory currently in use. \n* **Heap Committed**: The amount of heap memory guaranteed (committed) for the Java virtual machine to use.\n* **Heap Max**: The maximum heap memory size in bytes.\n* **Off Heap**: The amount of used off-heap memory in bytes.\n\n*XVMs that have since been terminated will be listed here until none of their collected heartbeats fall within the selected time interval.*",
      "fieldConfig": {
        "defaults": {
          "color": {
            "mode": "thresholds"
          },
          "custom": {
            "align": "left",
            "cellOptions": {
              "type": "auto"
            },
            "inspect": false
          },
          "decimals": 2,
          "displayName": "",
          "mappings": [],
          "thresholds": {
            "mode": "absolute",
            "steps": [
              {
                "color": "green",
                "value": null
              }
            ]
          },
          "unit": "short"
        },
        "overrides": [
          {
            "matcher": {
              "id": "byName",
              "options": "Time"
            },
            "properties": [
              {
                "id": "displayName",
                "value": "Last Heartbeat"
              },
              {
                "id": "unit",
                "value": "time: YYYY-MM-DD HH:mm:ss"
              },
              {
                "id": "custom.align",
                "value": "left"
              }
            ]
          },
          {
            "matcher": {
              "id": "byName",
              "options": "Metric"
            },
            "properties": [
              {
                "id": "unit",
                "value": "short"
              },
              {
                "id": "decimals",
                "value": 2
              },
              {
                "id": "custom.align",
                "value": "left"
              }
            ]
          },
          {
            "matcher": {
              "id": "byName",
              "options": "vm_name"
            },
            "properties": [
              {
                "id": "displayName",
                "value": "VM"
              },
              {
                "id": "unit",
                "value": "none"
              },
              {
                "id": "decimals",
                "value": 2
              },
              {
                "id": "custom.align",
                "value": "left"
              }
            ]
          },
          {
            "matcher": {
              "id": "byName",
              "options": "Loaded Time"
            },
            "properties": [
              {
                "id": "unit",
                "value": "short"
              },
              {
                "id": "decimals",
                "value": 2
              },
              {
                "id": "unit",
                "value": "time: YYYY-MM-DD HH:mm:ss"
              },
              {
                "id": "custom.align",
                "value": "left"
              }
            ]
          },
          {
            "matcher": {
              "id": "byName",
              "options": "CPU"
            },
            "properties": [
              {
                "id": "unit",
                "value": "percentunit"
              },
              {
                "id": "decimals",
                "value": 2
              },
              {
                "id": "custom.align",
                "value": "left"
              }
            ]
          },
          {
            "matcher": {
              "id": "byName",
              "options": "Heap Used"
            },
            "properties": [
              {
                "id": "unit",
                "value": "decbytes"
              },
              {
                "id": "decimals",
                "value": 2
              },
              {
                "id": "custom.align",
                "value": "left"
              }
            ]
          },
          {
            "matcher": {
              "id": "byName",
              "options": "Off Heap"
            },
            "properties": [
              {
                "id": "unit",
                "value": "decbytes"
              },
              {
                "id": "decimals",
                "value": 2
              },
              {
                "id": "custom.align",
                "value": "left"
              }
            ]
          },
          {
            "matcher": {
              "id": "byName",
              "options": "Heap Max"
            },
            "properties": [
              {
                "id": "unit",
                "value": "decbytes"
              },
              {
                "id": "decimals",
                "value": 2
              },
              {
                "id": "custom.align",
                "value": "left"
              }
            ]
          },
          {
            "matcher": {
              "id": "byName",
              "options": "Heap Committed"
            },
            "properties": [
              {
                "id": "unit",
                "value": "decbytes"
              },
              {
                "id": "decimals",
                "value": 2
              },
              {
                "id": "custom.align",
                "value": "left"
              }
            ]
          }
        ]
      },
      "gridPos": {
        "h": 7,
        "w": 24,
        "x": 0,
        "y": 1
      },
      "id": 4,
      "links": [],
      "options": {
        "cellHeight": "md",
        "footer": {
          "countRows": false,
          "enablePagination": true,
          "fields": "",
          "reducer": [
            "sum"
          ],
          "show": false
        },
        "showHeader": true,
        "sortBy": [
          {
            "desc": true,
            "displayName": "CPU"
          }
        ]
      },
      "pluginVersion": "10.1.1",
      "targets": [
        {
          "datasource": {
            "uid": "$datasource"
          },
          "dsType": "influxdb",
          "groupBy": [
            {
              "params": [
                "$interval"
              ],
              "type": "time"
            },
            {
              "params": [
                "null"
              ],
              "type": "fill"
            }
          ],
          "orderByTime": "ASC",
          "policy": "default",
          "query": "SELECT last(\"xvm_loaded_time\") as \"Loaded Time\", \"process_cpu_load\" as \"CPU\", \"memory_heap_used\" as \"Heap Used\", \"memory_heap_committed\" as \"Heap Committed\", \"memory_heap_max\" as \"Heap Max\", \"memory_non_heap_used\" as \"Off Heap\" FROM \"lumino_heartbeat_rp\".\"system\" WHERE \"host_name\" =~ /^$host_name$/ AND \"system_name\" =~ /^$system_name$/ AND $timeFilter GROUP BY \"vm_name\" ORDER BY time ASC LIMIT 1",
          "rawQuery": true,
          "refId": "A",
          "resultFormat": "table",
          "select": [
            [
              {
                "params": [
                  "value"
                ],
                "type": "field"
              },
              {
                "params": [],
                "type": "mean"
              }
            ]
          ],
          "tags": []
        }
      ],
      "title": "XVMs",
      "transformations": [
        {
          "id": "merge",
          "options": {
            "reducers": []
          }
        }
      ],
      "type": "table"
    },
    {
      "collapsed": false,
      "datasource": {
        "type": "influxdb",
        "uid": "e8057bed-749f-4616-9579-2005d068cb1f"
      },
      "gridPos": {
        "h": 1,
        "w": 24,
        "x": 0,
        "y": 8
      },
      "id": 9,
      "panels": [],
      "targets": [
        {
          "datasource": {
            "type": "influxdb",
            "uid": "e8057bed-749f-4616-9579-2005d068cb1f"
          },
          "refId": "A"
        }
      ],
      "title": "System Resources",
      "type": "row"
    },
    {
      "datasource": {
        "type": "influxdb",
        "uid": "$datasource"
      },
      "description": "This table lists the amount of free disk space available on each volume discovered by XVMs running on the target host. \n\nThe values shown are current to the last reported heartbeat collected by an XVM running on the host. If no heartbeats have been reported by any XVM in the selected time interval, then no data will be shown.",
      "fieldConfig": {
        "defaults": {
          "color": {
            "mode": "palette-classic"
          },
          "custom": {
            "axisCenteredZero": false,
            "axisColorMode": "text",
            "axisLabel": "Disk Space",
            "axisPlacement": "auto",
            "barAlignment": 0,
            "drawStyle": "line",
            "fillOpacity": 20,
            "gradientMode": "none",
            "hideFrom": {
              "legend": false,
              "tooltip": false,
              "viz": false
            },
            "insertNulls": false,
            "lineInterpolation": "linear",
            "lineWidth": 2,
            "pointSize": 5,
            "scaleDistribution": {
              "type": "linear"
            },
            "showPoints": "never",
            "spanNulls": false,
            "stacking": {
              "group": "A",
              "mode": "none"
            },
            "thresholdsStyle": {
              "mode": "off"
            }
          },
          "mappings": [],
          "min": 0,
          "thresholds": {
            "mode": "absolute",
            "steps": [
              {
                "color": "green",
                "value": null
              },
              {
                "color": "red",
                "value": 80
              }
            ]
          },
          "unit": "decbytes"
        },
        "overrides": []
      },
      "gridPos": {
        "h": 7,
        "w": 24,
        "x": 0,
        "y": 9
      },
      "id": 3,
      "interval": ">5s",
      "links": [],
      "options": {
        "legend": {
          "calcs": [
            "mean",
            "lastNotNull",
            "max"
          ],
          "displayMode": "table",
          "placement": "right",
          "showLegend": true,
          "width": 350
        },
        "tooltip": {
          "mode": "multi",
          "sort": "desc"
        }
      },
      "pluginVersion": "10.1.1",
      "targets": [
        {
          "alias": "$tag_disk_root (Total)",
          "datasource": {
            "uid": "$datasource"
          },
          "dsType": "influxdb",
          "groupBy": [
            {
              "params": [
                "$interval"
              ],
              "type": "time"
            },
            {
              "params": [
                "disk_root"
              ],
              "type": "tag"
            },
            {
              "params": [
                "null"
              ],
              "type": "fill"
            }
          ],
          "hide": true,
          "measurement": "system.disk",
          "orderByTime": "ASC",
          "policy": "lumino_heartbeat_rp",
          "query": "SELECT last(\"disk_total_space\") AS \"Total\", \"disk_free_space\" AS \"Free\", \"disk_usable_space\" AS \"Usable\" FROM \"lumino_heartbeat_rp\".\"system.disk\" WHERE \"host_name\" =~ /^$host_name$/ AND $timeFilter GROUP BY time($interval), \"disk_root\" fill(previous)",
          "rawQuery": false,
          "refId": "A",
          "resultFormat": "time_series",
          "select": [
            [
              {
                "params": [
                  "disk_total_space"
                ],
                "type": "field"
              },
              {
                "params": [],
                "type": "last"
              },
              {
                "params": [
                  "Total"
                ],
                "type": "alias"
              }
            ]
          ],
          "tags": [
            {
              "key": "host_name",
              "operator": "=~",
              "value": "/^$host_name$/"
            }
          ]
        },
        {
          "alias": "$tag_disk_root",
          "datasource": {
            "uid": "$datasource"
          },
          "dsType": "influxdb",
          "groupBy": [
            {
              "params": [
                "$interval"
              ],
              "type": "time"
            },
            {
              "params": [
                "disk_root"
              ],
              "type": "tag"
            },
            {
              "params": [
                "previous"
              ],
              "type": "fill"
            }
          ],
          "measurement": "system.disk",
          "orderByTime": "ASC",
          "policy": "lumino_heartbeat_rp",
          "refId": "C",
          "resultFormat": "time_series",
          "select": [
            [
              {
                "params": [
                  "disk_usable_space"
                ],
                "type": "field"
              },
              {
                "params": [],
                "type": "mean"
              },
              {
                "params": [
                  "Usable"
                ],
                "type": "alias"
              }
            ]
          ],
          "tags": [
            {
              "key": "host_name",
              "operator": "=~",
              "value": "/^$host_name$/"
            }
          ]
        }
      ],
      "title": "Disk (Free)",
      "type": "timeseries"
    },
    {
      "datasource": {
        "type": "influxdb",
        "uid": "$datasource"
      },
      "description": "This graph shows total available memory and used memory as reported by the last heartbeat received from an XVM running on the host. \n\nThe values shown are current to the last reported heartbeat collected by an XVM running on the host. If no heartbeats have been reported by any XVM in the selected time interval, then no data will be shown.",
      "fieldConfig": {
        "defaults": {
          "color": {
            "mode": "palette-classic"
          },
          "custom": {
            "axisCenteredZero": false,
            "axisColorMode": "text",
            "axisLabel": "Memory",
            "axisPlacement": "auto",
            "barAlignment": 0,
            "drawStyle": "line",
            "fillOpacity": 20,
            "gradientMode": "none",
            "hideFrom": {
              "legend": false,
              "tooltip": false,
              "viz": false
            },
            "insertNulls": false,
            "lineInterpolation": "linear",
            "lineWidth": 2,
            "pointSize": 5,
            "scaleDistribution": {
              "type": "linear"
            },
            "showPoints": "never",
            "spanNulls": false,
            "stacking": {
              "group": "A",
              "mode": "none"
            },
            "thresholdsStyle": {
              "mode": "off"
            }
          },
          "mappings": [],
          "min": 0,
          "thresholds": {
            "mode": "absolute",
            "steps": [
              {
                "color": "green",
                "value": null
              },
              {
                "color": "red",
                "value": 80
              }
            ]
          },
          "unit": "decbytes"
        },
        "overrides": []
      },
      "gridPos": {
        "h": 7,
        "w": 24,
        "x": 0,
        "y": 16
      },
      "id": 5,
      "interval": ">5s",
      "links": [],
      "options": {
        "legend": {
          "calcs": [
            "mean",
            "lastNotNull",
            "max"
          ],
          "displayMode": "table",
          "placement": "bottom",
          "showLegend": true,
          "width": 350
        },
        "tooltip": {
          "mode": "multi",
          "sort": "asc"
        }
      },
      "pluginVersion": "10.1.1",
      "targets": [
        {
          "alias": "Used",
          "datasource": {
            "uid": "$datasource"
          },
          "dsType": "influxdb",
          "groupBy": [
            {
              "params": [
                "$interval"
              ],
              "type": "time"
            },
            {
              "params": [
                "null"
              ],
              "type": "fill"
            }
          ],
          "orderByTime": "ASC",
          "policy": "default",
          "query": "SELECT (last(\"memory_physical_size_total\") - last(\"memory_physical_size_free\")) AS \"Free\" FROM \"lumino_heartbeat_rp\".\"system\" WHERE \"host_name\" =~ /^$host_name$/ AND \"memory_physical_size_total\" > 0 AND $timeFilter GROUP BY time($interval) fill(null)",
          "rawQuery": true,
          "refId": "B",
          "resultFormat": "time_series",
          "select": [
            [
              {
                "params": [
                  "value"
                ],
                "type": "field"
              },
              {
                "params": [],
                "type": "mean"
              }
            ]
          ],
          "tags": []
        },
        {
          "alias": "Total",
          "datasource": {
            "uid": "$datasource"
          },
          "dsType": "influxdb",
          "groupBy": [
            {
              "params": [
                "$interval"
              ],
              "type": "time"
            },
            {
              "params": [
                "previous"
              ],
              "type": "fill"
            }
          ],
          "measurement": "system",
          "orderByTime": "ASC",
          "policy": "lumino_heartbeat_rp",
          "query": "SELECT last(\"memory_physical_size_total\") AS \"Used\" FROM \"lumino_heartbeat_rp\".\"system\" WHERE \"host_name\" =~ /^$host_name$/ AND \"memory_physical_size_total\" > 0 AND $timeFilter GROUP BY time($interval) fill(null)",
          "rawQuery": true,
          "refId": "A",
          "resultFormat": "time_series",
          "select": [
            [
              {
                "params": [
                  "memory_physical_size_total"
                ],
                "type": "field"
              },
              {
                "params": [],
                "type": "last"
              },
              {
                "params": [
                  "Total"
                ],
                "type": "alias"
              }
            ],
            [
              {
                "params": [
                  "memory_physical_size_free"
                ],
                "type": "field"
              },
              {
                "params": [],
                "type": "last"
              },
              {
                "params": [
                  "Free"
                ],
                "type": "alias"
              }
            ]
          ],
          "tags": [
            {
              "key": "host_name",
              "operator": "=~",
              "value": "/^$host_name$/"
            }
          ]
        }
      ],
      "title": "Memory",
      "type": "timeseries"
    },
    {
      "datasource": {
        "type": "influxdb",
        "uid": "$datasource"
      },
      "description": "This graph shows total cpu usage as reported by the last heartbeat received from an XVM running on the host. \n\nThe values shown are current to the last reported heartbeat collected by an XVM running on the host. If no heartbeats have been reported by any XVM in the selected time interval, then no data will be shown.",
      "fieldConfig": {
        "defaults": {
          "color": {
            "mode": "palette-classic"
          },
          "custom": {
            "axisCenteredZero": false,
            "axisColorMode": "text",
            "axisLabel": "% used",
            "axisPlacement": "auto",
            "barAlignment": 0,
            "drawStyle": "line",
            "fillOpacity": 20,
            "gradientMode": "none",
            "hideFrom": {
              "legend": false,
              "tooltip": false,
              "viz": false
            },
            "insertNulls": false,
            "lineInterpolation": "linear",
            "lineWidth": 2,
            "pointSize": 5,
            "scaleDistribution": {
              "type": "linear"
            },
            "showPoints": "never",
            "spanNulls": false,
            "stacking": {
              "group": "A",
              "mode": "none"
            },
            "thresholdsStyle": {
              "mode": "off"
            }
          },
          "mappings": [],
          "min": 0,
          "thresholds": {
            "mode": "absolute",
            "steps": [
              {
                "color": "green",
                "value": null
              },
              {
                "color": "red",
                "value": 80
              }
            ]
          },
          "unit": "percentunit"
        },
        "overrides": []
      },
      "gridPos": {
        "h": 7,
        "w": 24,
        "x": 0,
        "y": 23
      },
      "id": 6,
      "interval": ">5s",
      "links": [],
      "options": {
        "legend": {
          "calcs": [
            "mean",
            "lastNotNull",
            "max"
          ],
          "displayMode": "table",
          "placement": "bottom",
          "showLegend": true,
          "width": 350
        },
        "tooltip": {
          "mode": "multi",
          "sort": "asc"
        }
      },
      "pluginVersion": "10.1.1",
      "targets": [
        {
          "alias": "Usage",
          "datasource": {
            "uid": "$datasource"
          },
          "dsType": "influxdb",
          "groupBy": [
            {
              "params": [
                "$interval"
              ],
              "type": "time"
            },
            {
              "params": [
                "previous"
              ],
              "type": "fill"
            }
          ],
          "measurement": "system",
          "orderByTime": "ASC",
          "policy": "lumino_heartbeat_rp",
          "query": "SELECT mean(\"system_cpu_load\") AS \"Total\" FROM \"lumino_heartbeat_rp\".\"system\" WHERE \"host_name\" =~ /^$host_name$/ AND \"system_cpu_load\" > 0 AND $timeFilter GROUP BY time($interval) fill(null)",
          "rawQuery": true,
          "refId": "A",
          "resultFormat": "time_series",
          "select": [
            [
              {
                "params": [
                  "memory_physical_size_total"
                ],
                "type": "field"
              },
              {
                "params": [],
                "type": "last"
              },
              {
                "params": [
                  "Total"
                ],
                "type": "alias"
              }
            ],
            [
              {
                "params": [
                  "memory_physical_size_free"
                ],
                "type": "field"
              },
              {
                "params": [],
                "type": "last"
              },
              {
                "params": [
                  "Free"
                ],
                "type": "alias"
              }
            ]
          ],
          "tags": [
            {
              "key": "host_name",
              "operator": "=~",
              "value": "/^$host_name$/"
            }
          ]
        }
      ],
      "title": "CPU (Host)",
      "type": "timeseries"
    },
    {
      "datasource": {
        "uid": "$datasource"
      },
      "description": "This panel shows the last reported CPU usage by any thread for which stats were collected in the selected time range.\n\n* **XVM**: ﻿The XVM that owns the thread. \n* **ID**: ﻿The Thread ID.\n* **Thread Name**: ﻿The name of the thread. \n* **Affinity**: ﻿When threads are pinned to one or more cores, the affinity information is displayed here. \n* **CPU**: ﻿The percentage of CPU time per interval used by the thread. Note that this can be thought of as the number of cycles used on a logical core of the host. \n* **USER**: ﻿The percentage of the processing time that was in user mode (vs kernel). \n* **﻿WAIT**: ﻿The percentage of time that the thread spent waiting in a disruptor. This is particularly useful if the thread is configured with a disruptor wait strategy of busy spin or yielding as it can tell what portion of used CPU time the thread spent spinning. \n\n*If a thread has since stopped, it's last reported CPU will continue to be displayed until it's activity is no longer reflected in the selected time window.*",
      "fieldConfig": {
        "defaults": {
          "color": {
            "mode": "palette-classic"
          },
          "custom": {
            "axisCenteredZero": false,
            "axisColorMode": "text",
            "axisLabel": "",
            "axisPlacement": "auto",
            "barAlignment": 0,
            "drawStyle": "line",
            "fillOpacity": 0,
            "gradientMode": "none",
            "hideFrom": {
              "legend": false,
              "tooltip": false,
              "viz": false
            },
            "insertNulls": false,
            "lineInterpolation": "linear",
            "lineWidth": 1,
            "pointSize": 5,
            "scaleDistribution": {
              "type": "linear"
            },
            "showPoints": "auto",
            "spanNulls": false,
            "stacking": {
              "group": "A",
              "mode": "none"
            },
            "thresholdsStyle": {
              "mode": "off"
            }
          },
          "mappings": [],
          "thresholds": {
            "mode": "absolute",
            "steps": [
              {
                "color": "green"
              },
              {
                "color": "red",
                "value": 80
              }
            ]
          }
        },
        "overrides": []
      },
      "gridPos": {
        "h": 7,
        "w": 24,
        "x": 0,
        "y": 30
      },
      "id": 7,
      "interval": "",
      "links": [],
      "options": {
        "legend": {
          "calcs": [],
          "displayMode": "list",
          "placement": "bottom",
          "showLegend": true
        },
        "tooltip": {
          "mode": "single",
          "sort": "none"
        }
      },
      "targets": [
        {
          "alias": "",
          "datasource": {
            "uid": "$datasource"
          },
          "dsType": "influxdb",
          "groupBy": [
            {
              "params": [
                "$__interval"
              ],
              "type": "time"
            },
            {
              "params": [
                "null"
              ],
              "type": "fill"
            }
          ],
          "hide": false,
          "measurement": "system.threads",
          "orderByTime": "ASC",
          "policy": "lumino_heartbeat_rp",
          "query": "SELECT \"id\" as \"ID\", last(\"name\") AS \"Thread Name\", \"affinity\" FROM \"lumino_heartbeat_rp\".\"system.threads\" WHERE \"host_name\" =~ /^$host_name$/ AND \"system_name\" =~ /^$system_name$/ AND $timeFilter GROUP BY \"vm_name\",\"id\" ORDER BY time ASC LIMIT 1",
          "rawQuery": true,
          "refId": "A",
          "resultFormat": "table",
          "select": [
            [
              {
                "params": [
                  "name"
                ],
                "type": "field"
              },
              {
                "params": [],
                "type": "last"
              }
            ],
            [
              {
                "params": [
                  "id"
                ],
                "type": "field"
              },
              {
                "params": [],
                "type": "last"
              }
            ]
          ],
          "tags": [
            {
              "key": "host_name",
              "operator": "=~",
              "value": "/^$host_name$/"
            }
          ]
        },
        {
          "alias": "",
          "datasource": {
            "uid": "$datasource"
          },
          "dsType": "influxdb",
          "groupBy": [
            {
              "params": [
                "$__interval"
              ],
              "type": "time"
            },
            {
              "params": [
                "null"
              ],
              "type": "fill"
            }
          ],
          "hide": false,
          "measurement": "system.threads",
          "orderByTime": "ASC",
          "policy": "lumino_heartbeat_rp",
          "query": "SELECT difference(\"cpu_time\") / difference(\"collect_time\") AS \"cpu_pct\" FROM \"lumino_heartbeat_rp\".\"system.threads\" WHERE \"host_name\" =~ /^$host_name$/ AND  \"system_name\" =~ /^$system_name$/ AND $timeFilter GROUP BY \"vm_name\",\"id\"  ORDER BY time ASC LIMIT 1",
          "rawQuery": true,
          "refId": "B",
          "resultFormat": "table",
          "select": [
            [
              {
                "params": [
                  "name"
                ],
                "type": "field"
              },
              {
                "params": [],
                "type": "last"
              }
            ],
            [
              {
                "params": [
                  "id"
                ],
                "type": "field"
              },
              {
                "params": [],
                "type": "last"
              }
            ]
          ],
          "tags": [
            {
              "key": "host_name",
              "operator": "=~",
              "value": "/^$host_name$/"
            }
          ]
        },
        {
          "alias": "",
          "datasource": {
            "uid": "$datasource"
          },
          "dsType": "influxdb",
          "groupBy": [
            {
              "params": [
                "$__interval"
              ],
              "type": "time"
            },
            {
              "params": [
                "null"
              ],
              "type": "fill"
            }
          ],
          "hide": false,
          "measurement": "system.threads",
          "orderByTime": "ASC",
          "policy": "lumino_heartbeat_rp",
          "query": "SELECT difference(\"usr_time\") / difference(\"collect_time\")  AS \"usr_pct\" FROM \"lumino_heartbeat_rp\".\"system.threads\"  WHERE \"host_name\" =~ /^$host_name$/ AND  \"system_name\" =~ /^$system_name$/ AND $timeFilter GROUP BY \"vm_name\",\"id\" ORDER BY time ASC LIMIT 1",
          "rawQuery": true,
          "refId": "C",
          "resultFormat": "table",
          "select": [
            [
              {
                "params": [
                  "name"
                ],
                "type": "field"
              },
              {
                "params": [],
                "type": "last"
              }
            ],
            [
              {
                "params": [
                  "id"
                ],
                "type": "field"
              },
              {
                "params": [],
                "type": "last"
              }
            ]
          ],
          "tags": [
            {
              "key": "host_name",
              "operator": "=~",
              "value": "/^$host_name$/"
            }
          ]
        },
        {
          "alias": "WAIT",
          "datasource": {
            "uid": "$datasource"
          },
          "dsType": "influxdb",
          "groupBy": [
            {
              "params": [
                "$__interval"
              ],
              "type": "time"
            },
            {
              "params": [
                "null"
              ],
              "type": "fill"
            }
          ],
          "hide": false,
          "measurement": "system.threads",
          "orderByTime": "ASC",
          "policy": "lumino_heartbeat_rp",
          "query": "SELECT difference(\"wait_time\") / difference(\"collect_time\") AS \"wait_pct\" FROM \"lumino_heartbeat_rp\".\"system.threads\" WHERE \"host_name\" =~ /^$host_name$/ AND  \"system_name\" =~ /^$system_name$/ AND $timeFilter GROUP BY \"vm_name\",\"id\" ORDER BY time ASC LIMIT 1",
          "rawQuery": true,
          "refId": "D",
          "resultFormat": "table",
          "select": [
            [
              {
                "params": [
                  "name"
                ],
                "type": "field"
              },
              {
                "params": [],
                "type": "last"
              }
            ],
            [
              {
                "params": [
                  "id"
                ],
                "type": "field"
              },
              {
                "params": [],
                "type": "last"
              }
            ]
          ],
          "tags": [
            {
              "key": "host_name",
              "operator": "=~",
              "value": "/^$host_name$/"
            }
          ]
        }
      ],
      "title": "CPU (Thread)",
      "type": "timeseries"
    }
  ],
  "refresh": "30s",
  "schemaVersion": 38,
  "style": "dark",
  "tags": [
    "lumino"
  ],
  "templating": {
    "list": [
      {
        "current": {
          "selected": false,
          "text": "lumino",
          "value": "bbe10254-24eb-4c06-ac7e-a7b2ff27fa89"
        },
        "hide": 2,
        "includeAll": false,
        "label": "Data Source",
        "multi": false,
        "name": "datasource",
        "options": [],
        "query": "influxdb",
        "refresh": 1,
        "regex": "",
        "skipUrlSync": false,
        "type": "datasource"
      },
      {
        "current": {
          "selected": false,
          "text": "All",
          "value": "$__all"
        },
        "datasource": {
          "type": "influxdb",
          "uid": "$datasource"
        },
        "definition": "",
        "hide": 0,
        "includeAll": true,
        "label": "Host",
        "multi": false,
        "name": "host_name",
        "options": [],
        "query": "SHOW TAG VALUES FROM \"lumino_heartbeat_rp\".\"application\" WITH KEY = \"host_name\"",
        "refresh": 1,
        "regex": "",
        "skipUrlSync": false,
        "sort": 0,
        "tagValuesQuery": "",
        "tagsQuery": "",
        "type": "query",
        "useTags": false
      },
      {
        "current": {
          "selected": false,
          "text": "All",
          "value": "$__all"
        },
        "datasource": {
          "type": "influxdb",
          "uid": "$datasource"
        },
        "definition": "",
        "hide": 0,
        "includeAll": true,
        "label": "System",
        "multi": false,
        "name": "system_name",
        "options": [],
        "query": "SHOW TAG VALUES FROM \"lumino_heartbeat_rp\".\"application\" WITH KEY = \"system_name\" WHERE \"host_name\" =~ /^$host_name$/",
        "refresh": 1,
        "regex": "",
        "skipUrlSync": false,
        "sort": 0,
        "tagValuesQuery": "",
        "tagsQuery": "",
        "type": "query",
        "useTags": false
      },
      {
        "current": {
          "selected": false,
          "text": "datafye-analytics-palpha",
          "value": "datafye-analytics-palpha"
        },
        "datasource": {
          "type": "influxdb",
          "uid": "$datasource"
        },
        "definition": "",
        "hide": 2,
        "includeAll": false,
        "label": "XVM",
        "multi": false,
        "name": "vm_name",
        "options": [],
        "query": "SHOW TAG VALUES FROM \"lumino_heartbeat_rp\".\"system\" WITH KEY = \"vm_name\" WHERE host_name =~ /^$host_name$/",
        "refresh": 1,
        "regex": "",
        "skipUrlSync": false,
        "sort": 0,
        "tagValuesQuery": "",
        "tagsQuery": "",
        "type": "query",
        "useTags": false
      }
    ]
  },
  "time": {
    "from": "now-30m",
    "to": "now"
  },
  "timepicker": {
    "refresh_intervals": [
      "5s",
      "10s",
      "30s",
      "1m",
      "5m",
      "15m",
      "30m",
      "1h",
      "2h",
      "1d"
    ],
    "time_options": [
      "5m",
      "15m",
      "1h",
      "6h",
      "12h",
      "24h",
      "2d",
      "7d",
      "30d"
    ]
  },
  "timezone": "browser",
  "title": "Host",
  "uid": "OQaFrLhnk",
  "version": 1,
  "weekStart": ""
}
