{
  "annotations": {
    "list": [
      {
        "builtIn": 1,
        "datasource": {
          "type": "datasource",
          "uid": "grafana"
        },
        "enable": true,
        "hide": true,
        "iconColor": "rgba(0, 211, 255, 1)",
        "name": "Annotations & Alerts",
        "type": "dashboard"
      }
    ]
  },
  "description": "The XVM Stats dashboard provides monitoring information about the resources used by and applications running within a given XVM.",
  "editable": true,
  "fiscalYearStartMonth": 0,
  "graphTooltip": 1,
  "id": 9,
  "links": [
    {
      "asDropdown": true,
      "icon": "external link",
      "includeVars": true,
      "keepTime": true,
      "tags": [
        "lumino"
      ],
      "title": "Links",
      "type": "dashboards"
    }
  ],
  "liveNow": false,
  "panels": [
    {
      "collapsed": false,
      "datasource": {
        "type": "influxdb",
        "uid": "e8057bed-749f-4616-9579-2005d068cb1f"
      },
      "gridPos": {
        "h": 1,
        "w": 24,
        "x": 0,
        "y": 0
      },
      "id": 22,
      "panels": [],
      "targets": [
        {
          "datasource": {
            "type": "influxdb",
            "uid": "e8057bed-749f-4616-9579-2005d068cb1f"
          },
          "refId": "A"
        }
      ],
      "title": "Summary",
      "type": "row"
    },
    {
      "datasource": {
        "uid": "$datasource"
      },
      "description": "Lists summary details about the state of applications included in XVM heartbeats during the selected time interval. \n\nApplications that have since been unloaded will be listed here until there are no heartbeats that include their state reported in the selected time interval. \n\n* **Last Heartbeat**: The time of the last heartbeat received from the XVM. \n* **Application**: The name of the application\n* **State**: The state of the application as last reported in a heartbeat.\n* **Role**: The last reported HA role for the application \n* **HA Policy**: The application's HA Policy\n* **Loaded Time**: The time at which the application was loaded.",
      "fieldConfig": {
        "defaults": {
          "color": {
            "mode": "thresholds"
          },
          "custom": {
            "align": "left",
            "cellOptions": {
              "type": "auto"
            },
            "inspect": false
          },
          "mappings": [],
          "thresholds": {
            "mode": "absolute",
            "steps": [
              {
                "color": "green",
                "value": null
              }
            ]
          }
        },
        "overrides": [
          {
            "matcher": {
              "id": "byName",
              "options": "app_name"
            },
            "properties": [
              {
                "id": "displayName",
                "value": "Service"
              }
            ]
          },
          {
            "matcher": {
              "id": "byName",
              "options": "vm_name"
            },
            "properties": [
              {
                "id": "displayName",
                "value": "VM"
              }
            ]
          },
          {
            "matcher": {
              "id": "byName",
              "options": "Loaded Time"
            },
            "properties": [
              {
                "id": "unit",
                "value": "dateTimeAsLocalNoDateIfToday"
              }
            ]
          }
        ]
      },
      "gridPos": {
        "h": 4,
        "w": 24,
        "x": 0,
        "y": 1
      },
      "id": 10,
      "links": [],
      "options": {
        "cellHeight": "md",
        "footer": {
          "countRows": false,
          "fields": "",
          "reducer": [
            "sum"
          ],
          "show": false
        },
        "showHeader": true
      },
      "pluginVersion": "10.1.1",
      "targets": [
        {
          "datasource": {
            "uid": "$datasource"
          },
          "dsType": "influxdb",
          "groupBy": [
            {
              "params": [
                "$interval"
              ],
              "type": "time"
            },
            {
              "params": [
                "null"
              ],
              "type": "fill"
            }
          ],
          "measurement": "application",
          "orderByTime": "ASC",
          "policy": "lumino_heartbeat_rp",
          "query": "SELECT last(\"state\") AS \"State\", \"role\" as \"Role\", \"ha_policy\" as \"HA Policy\", \"loaded_time\" as \"Loaded Time\" FROM \"lumino_heartbeat_rp\".\"application\" WHERE \"vm_name\" =~ /^$vm_name$/ AND $timeFilter GROUP BY \"app_name\", \"vm_name\"",
          "rawQuery": true,
          "refId": "A",
          "resultFormat": "table",
          "select": [
            [
              {
                "params": [
                  "state"
                ],
                "type": "field"
              },
              {
                "params": [],
                "type": "last"
              }
            ]
          ],
          "tags": [
            {
              "key": "vm_name",
              "operator": "=~",
              "value": "/^$vm_name$/"
            }
          ]
        }
      ],
      "title": "Services",
      "type": "table"
    },
    {
      "collapsed": false,
      "datasource": {
        "type": "influxdb",
        "uid": "e8057bed-749f-4616-9579-2005d068cb1f"
      },
      "gridPos": {
        "h": 1,
        "w": 24,
        "x": 0,
        "y": 5
      },
      "id": 23,
      "panels": [],
      "targets": [
        {
          "datasource": {
            "type": "influxdb",
            "uid": "e8057bed-749f-4616-9579-2005d068cb1f"
          },
          "refId": "A"
        }
      ],
      "title": "General",
      "type": "row"
    },
    {
      "datasource": {
        "type": "influxdb",
        "uid": "$datasource"
      },
      "description": "The last reported CPU Usage for the Host (including other processes) as reported in the last collected XVM heartbeat.",
      "fieldConfig": {
        "defaults": {
          "color": {
            "mode": "thresholds"
          },
          "mappings": [
            {
              "options": {
                "match": "null",
                "result": {
                  "index": 0,
                  "text": "-"
                }
              },
              "type": "special"
            }
          ],
          "noValue": "-",
          "thresholds": {
            "mode": "absolute",
            "steps": [
              {
                "color": "dark-yellow",
                "value": null
              }
            ]
          },
          "unit": "dateTimeFromNow"
        },
        "overrides": []
      },
      "gridPos": {
        "h": 3,
        "w": 7,
        "x": 0,
        "y": 6
      },
      "id": 20,
      "links": [],
      "maxDataPoints": 100,
      "options": {
        "colorMode": "value",
        "graphMode": "none",
        "justifyMode": "auto",
        "orientation": "horizontal",
        "reduceOptions": {
          "calcs": [
            "last"
          ],
          "fields": "",
          "values": false
        },
        "text": {
          "valueSize": 40
        },
        "textMode": "auto"
      },
      "pluginVersion": "10.1.1",
      "targets": [
        {
          "datasource": {
            "uid": "$datasource"
          },
          "dsType": "influxdb",
          "groupBy": [],
          "measurement": "system",
          "orderByTime": "ASC",
          "policy": "lumino_heartbeat_rp",
          "refId": "A",
          "resultFormat": "time_series",
          "select": [
            [
              {
                "params": [
                  "xvm_loaded_time"
                ],
                "type": "field"
              }
            ]
          ],
          "tags": [
            {
              "key": "vm_name",
              "operator": "=~",
              "value": "/^$vm_name$/"
            }
          ]
        }
      ],
      "title": "Running Since",
      "type": "stat"
    },
    {
      "datasource": {
        "type": "influxdb",
        "uid": "$datasource"
      },
      "description": "The last reported CPU Usage for the application's process (including other apps in the XVM) as reported in the last collected XVM heartbeat.",
      "fieldConfig": {
        "defaults": {
          "color": {
            "mode": "thresholds"
          },
          "mappings": [
            {
              "options": {
                "match": "null",
                "result": {
                  "index": 0,
                  "text": "-"
                }
              },
              "type": "special"
            }
          ],
          "thresholds": {
            "mode": "absolute",
            "steps": [
              {
                "color": "rgba(50, 172, 45, 0.97)",
                "value": null
              },
              {
                "color": "dark-orange",
                "value": 40
              },
              {
                "color": "dark-red",
                "value": 70
              }
            ]
          },
          "unit": "percentunit"
        },
        "overrides": []
      },
      "gridPos": {
        "h": 3,
        "w": 4,
        "x": 7,
        "y": 6
      },
      "id": 1,
      "links": [],
      "maxDataPoints": 100,
      "options": {
        "colorMode": "value",
        "graphMode": "area",
        "justifyMode": "auto",
        "orientation": "horizontal",
        "reduceOptions": {
          "calcs": [
            "mean"
          ],
          "fields": "",
          "values": false
        },
        "text": {
          "valueSize": 40
        },
        "textMode": "auto"
      },
      "pluginVersion": "10.1.1",
      "targets": [
        {
          "datasource": {
            "uid": "$datasource"
          },
          "dsType": "influxdb",
          "groupBy": [],
          "measurement": "system",
          "orderByTime": "ASC",
          "policy": "lumino_heartbeat_rp",
          "refId": "A",
          "resultFormat": "time_series",
          "select": [
            [
              {
                "params": [
                  "process_cpu_load"
                ],
                "type": "field"
              }
            ]
          ],
          "tags": [
            {
              "key": "vm_name",
              "operator": "=~",
              "value": "/^$vm_name$/"
            }
          ]
        }
      ],
      "title": "Process CPU Load",
      "type": "stat"
    },
    {
      "datasource": {
        "type": "influxdb",
        "uid": "$datasource"
      },
      "description": "The last reported CPU Usage for the application's process (including other apps in the XVM) as reported in the last collected XVM heartbeat.",
      "fieldConfig": {
        "defaults": {
          "color": {
            "mode": "thresholds"
          },
          "mappings": [
            {
              "options": {
                "match": "null",
                "result": {
                  "index": 0,
                  "text": "-"
                }
              },
              "type": "special"
            }
          ],
          "thresholds": {
            "mode": "absolute",
            "steps": [
              {
                "color": "rgba(50, 172, 45, 0.97)",
                "value": null
              },
              {
                "color": "dark-orange",
                "value": 40
              },
              {
                "color": "dark-red",
                "value": 70
              }
            ]
          },
          "unit": "percentunit"
        },
        "overrides": []
      },
      "gridPos": {
        "h": 3,
        "w": 4,
        "x": 11,
        "y": 6
      },
      "id": 28,
      "links": [],
      "maxDataPoints": 100,
      "options": {
        "colorMode": "value",
        "graphMode": "area",
        "justifyMode": "auto",
        "orientation": "horizontal",
        "reduceOptions": {
          "calcs": [
            "mean"
          ],
          "fields": "",
          "values": false
        },
        "text": {
          "valueSize": 40
        },
        "textMode": "auto"
      },
      "pluginVersion": "10.1.1",
      "targets": [
        {
          "datasource": {
            "uid": "$datasource"
          },
          "dsType": "influxdb",
          "groupBy": [],
          "measurement": "system",
          "orderByTime": "ASC",
          "policy": "lumino_heartbeat_rp",
          "refId": "A",
          "resultFormat": "time_series",
          "select": [
            [
              {
                "params": [
                  "system_cpu_load"
                ],
                "type": "field"
              }
            ]
          ],
          "tags": [
            {
              "key": "vm_name",
              "operator": "=~",
              "value": "/^$vm_name$/"
            }
          ]
        }
      ],
      "title": "Host CPU Load",
      "type": "stat"
    },
    {
      "datasource": {
        "type": "influxdb",
        "uid": "$datasource"
      },
      "description": "The number of CPUs as reported in the last collected XVM heartbeat",
      "fieldConfig": {
        "defaults": {
          "color": {
            "mode": "thresholds"
          },
          "mappings": [
            {
              "options": {
                "match": "null",
                "result": {
                  "index": 0,
                  "text": "-"
                }
              },
              "type": "special"
            }
          ],
          "thresholds": {
            "mode": "absolute",
            "steps": [
              {
                "color": "rgba(50, 172, 45, 0.97)",
                "value": null
              },
              {
                "color": "dark-orange",
                "value": 40
              },
              {
                "color": "dark-red",
                "value": 60
              }
            ]
          },
          "unit": "percentunit"
        },
        "overrides": []
      },
      "gridPos": {
        "h": 3,
        "w": 4,
        "x": 15,
        "y": 6
      },
      "id": 27,
      "links": [],
      "maxDataPoints": 100,
      "options": {
        "colorMode": "value",
        "graphMode": "area",
        "justifyMode": "auto",
        "orientation": "horizontal",
        "reduceOptions": {
          "calcs": [
            "mean"
          ],
          "fields": "",
          "values": false
        },
        "text": {
          "valueSize": 40
        },
        "textMode": "auto"
      },
      "pluginVersion": "10.1.1",
      "targets": [
        {
          "datasource": {
            "uid": "$datasource"
          },
          "dsType": "influxdb",
          "groupBy": [],
          "measurement": "system",
          "orderByTime": "ASC",
          "policy": "lumino_heartbeat_rp",
          "query": "SELECT ((last(\"memory_physical_size_total\") - last(\"memory_physical_size_free\"))/last(\"memory_physical_size_total\")) AS \"Memory Used\" FROM \"lumino_heartbeat_rp\".\"system\" WHERE \"vm_name\" =~ /^$vm_name$/ AND $timeFilter GROUP BY time($interval) fill(null)",
          "rawQuery": true,
          "refId": "A",
          "resultFormat": "time_series",
          "select": [
            [
              {
                "params": [
                  "processors"
                ],
                "type": "field"
              }
            ]
          ],
          "tags": [
            {
              "key": "vm_name",
              "operator": "=~",
              "value": "/^$vm_name$/"
            }
          ]
        }
      ],
      "title": "Host Memory Used",
      "type": "stat"
    },
    {
      "datasource": {
        "uid": "$datasource"
      },
      "description": "The number of CPUs as reported in the last collected XVM heartbeat",
      "fieldConfig": {
        "defaults": {
          "color": {
            "mode": "thresholds"
          },
          "mappings": [
            {
              "options": {
                "match": "null",
                "result": {
                  "index": 0,
                  "text": "-"
                }
              },
              "type": "special"
            }
          ],
          "thresholds": {
            "mode": "absolute",
            "steps": [
              {
                "color": "rgba(50, 172, 45, 0.97)",
                "value": null
              }
            ]
          },
          "unit": "none"
        },
        "overrides": []
      },
      "gridPos": {
        "h": 3,
        "w": 2,
        "x": 19,
        "y": 6
      },
      "id": 2,
      "links": [],
      "maxDataPoints": 100,
      "options": {
        "colorMode": "value",
        "graphMode": "area",
        "justifyMode": "auto",
        "orientation": "horizontal",
        "reduceOptions": {
          "calcs": [
            "mean"
          ],
          "fields": "",
          "values": false
        },
        "text": {
          "valueSize": 40
        },
        "textMode": "auto"
      },
      "pluginVersion": "10.1.1",
      "targets": [
        {
          "datasource": {
            "uid": "$datasource"
          },
          "dsType": "influxdb",
          "groupBy": [],
          "measurement": "system",
          "orderByTime": "ASC",
          "policy": "lumino_heartbeat_rp",
          "query": "SELECT last(\"threads_count\") FROM \"lumino_heartbeat_rp\".\"system\" WHERE $timeFilter",
          "rawQuery": false,
          "refId": "A",
          "resultFormat": "time_series",
          "select": [
            [
              {
                "params": [
                  "processors"
                ],
                "type": "field"
              }
            ]
          ],
          "tags": [
            {
              "key": "vm_name",
              "operator": "=~",
              "value": "/^$vm_name$/"
            }
          ]
        }
      ],
      "title": "Host Cpus",
      "type": "stat"
    },
    {
      "datasource": {
        "uid": "$datasource"
      },
      "description": "The number of thread as reported in the last collected XVM heartbeat",
      "fieldConfig": {
        "defaults": {
          "color": {
            "mode": "thresholds"
          },
          "mappings": [
            {
              "options": {
                "match": "null",
                "result": {
                  "index": 0,
                  "text": "-"
                }
              },
              "type": "special"
            }
          ],
          "thresholds": {
            "mode": "absolute",
            "steps": [
              {
                "color": "rgba(50, 172, 45, 0.97)",
                "value": null
              }
            ]
          },
          "unit": "none"
        },
        "overrides": []
      },
      "gridPos": {
        "h": 3,
        "w": 3,
        "x": 21,
        "y": 6
      },
      "id": 21,
      "links": [],
      "maxDataPoints": 100,
      "options": {
        "colorMode": "value",
        "graphMode": "area",
        "justifyMode": "auto",
        "orientation": "horizontal",
        "reduceOptions": {
          "calcs": [
            "lastNotNull"
          ],
          "fields": "",
          "values": false
        },
        "text": {
          "valueSize": 40
        },
        "textMode": "auto"
      },
      "pluginVersion": "10.1.1",
      "targets": [
        {
          "datasource": {
            "uid": "$datasource"
          },
          "dsType": "influxdb",
          "groupBy": [
            {
              "params": [
                "$interval"
              ],
              "type": "time"
            }
          ],
          "measurement": "system",
          "orderByTime": "ASC",
          "policy": "lumino_heartbeat_rp",
          "query": "SELECT last(\"threads_count\") FROM \"lumino_heartbeat_rp\".\"system\" WHERE $timeFilter",
          "rawQuery": false,
          "refId": "A",
          "resultFormat": "time_series",
          "select": [
            [
              {
                "params": [
                  "threads_count"
                ],
                "type": "field"
              },
              {
                "params": [],
                "type": "last"
              }
            ]
          ],
          "tags": [
            {
              "key": "vm_name",
              "operator": "=~",
              "value": "/^$vm_name$/"
            }
          ]
        }
      ],
      "title": "Process Threads",
      "type": "stat"
    },
    {
      "datasource": {
        "uid": "$datasource"
      },
      "description": "Shows garbage collection duration grouped by the collector type. \n\nThe graph renders the delta of the total time spent collecting by each collector as reported in successive intervals ... if more than one collection occurs within a heartbeat collection interval their combined collection time will be shown.",
      "fieldConfig": {
        "defaults": {
          "color": {
            "mode": "palette-classic"
          },
          "custom": {
            "axisCenteredZero": false,
            "axisColorMode": "text",
            "axisLabel": "Collection Time",
            "axisPlacement": "auto",
            "barAlignment": 0,
            "drawStyle": "bars",
            "fillOpacity": 100,
            "gradientMode": "none",
            "hideFrom": {
              "legend": false,
              "tooltip": false,
              "viz": false
            },
            "insertNulls": false,
            "lineInterpolation": "linear",
            "lineWidth": 2,
            "pointSize": 5,
            "scaleDistribution": {
              "type": "linear"
            },
            "showPoints": "never",
            "spanNulls": true,
            "stacking": {
              "group": "A",
              "mode": "none"
            },
            "thresholdsStyle": {
              "mode": "off"
            }
          },
          "mappings": [],
          "min": 0,
          "thresholds": {
            "mode": "absolute",
            "steps": [
              {
                "color": "green",
                "value": null
              },
              {
                "color": "red",
                "value": 80
              }
            ]
          },
          "unit": "ms"
        },
        "overrides": []
      },
      "gridPos": {
        "h": 9,
        "w": 12,
        "x": 0,
        "y": 9
      },
      "id": 17,
      "links": [],
      "options": {
        "legend": {
          "calcs": [
            "lastNotNull",
            "max"
          ],
          "displayMode": "table",
          "placement": "bottom",
          "showLegend": true
        },
        "tooltip": {
          "mode": "multi",
          "sort": "none"
        }
      },
      "pluginVersion": "10.1.1",
      "targets": [
        {
          "alias": "$tag_collector_name",
          "datasource": {
            "uid": "$datasource"
          },
          "dsType": "influxdb",
          "groupBy": [
            {
              "params": [
                "$interval"
              ],
              "type": "time"
            },
            {
              "params": [
                "collector_name"
              ],
              "type": "tag"
            },
            {
              "params": [
                "null"
              ],
              "type": "fill"
            }
          ],
          "measurement": "system.gc",
          "orderByTime": "ASC",
          "policy": "lumino_heartbeat_rp",
          "query": "SELECT difference(\"cum_time\") FROM \"lumino_heartbeat_rp\".\"system.gc\" WHERE \"vm_name\" =~ /^$vm_name$/ AND $timeFilter GROUP BY \"collector_name\" fill(none)",
          "rawQuery": false,
          "refId": "A",
          "resultFormat": "time_series",
          "select": [
            [
              {
                "params": [
                  "cum_time"
                ],
                "type": "field"
              },
              {
                "params": [],
                "type": "last"
              },
              {
                "params": [],
                "type": "difference"
              }
            ]
          ],
          "tags": [
            {
              "key": "vm_name",
              "operator": "=~",
              "value": "/^$vm_name$/"
            }
          ]
        }
      ],
      "title": "Garbage Collection",
      "type": "timeseries"
    },
    {
      "datasource": {
        "uid": "$datasource"
      },
      "description": "Shows jit compilation times grouped by the compiler type. \n\nThe graph renders the delta of the total time spent compiling by each compiler as reported in successive intervals ... if more than one compilation occurs within a heartbeat collection interval their combined compilation times will be shown.\n\nJIT compilation is not necessarily a stop the world operation, but may still contribute to jitter.",
      "fieldConfig": {
        "defaults": {
          "color": {
            "mode": "palette-classic"
          },
          "custom": {
            "axisCenteredZero": false,
            "axisColorMode": "text",
            "axisLabel": "Compile Time",
            "axisPlacement": "auto",
            "barAlignment": 0,
            "drawStyle": "bars",
            "fillOpacity": 100,
            "gradientMode": "none",
            "hideFrom": {
              "legend": false,
              "tooltip": false,
              "viz": false
            },
            "insertNulls": false,
            "lineInterpolation": "linear",
            "lineWidth": 2,
            "pointSize": 5,
            "scaleDistribution": {
              "type": "linear"
            },
            "showPoints": "never",
            "spanNulls": true,
            "stacking": {
              "group": "A",
              "mode": "none"
            },
            "thresholdsStyle": {
              "mode": "off"
            }
          },
          "mappings": [],
          "min": 0,
          "thresholds": {
            "mode": "absolute",
            "steps": [
              {
                "color": "green",
                "value": null
              },
              {
                "color": "red",
                "value": 80
              }
            ]
          },
          "unit": "ms"
        },
        "overrides": []
      },
      "gridPos": {
        "h": 9,
        "w": 12,
        "x": 12,
        "y": 9
      },
      "id": 18,
      "links": [],
      "options": {
        "legend": {
          "calcs": [
            "lastNotNull",
            "max"
          ],
          "displayMode": "table",
          "placement": "bottom",
          "showLegend": true
        },
        "tooltip": {
          "mode": "multi",
          "sort": "none"
        }
      },
      "pluginVersion": "10.1.1",
      "targets": [
        {
          "alias": "$tag_jit_name",
          "datasource": {
            "uid": "$datasource"
          },
          "dsType": "influxdb",
          "groupBy": [
            {
              "params": [
                "$interval"
              ],
              "type": "time"
            },
            {
              "params": [
                "jit_name"
              ],
              "type": "tag"
            },
            {
              "params": [
                "null"
              ],
              "type": "fill"
            }
          ],
          "measurement": "system",
          "orderByTime": "ASC",
          "policy": "lumino_heartbeat_rp",
          "query": "SELECT difference(\"cum_time\") FROM \"lumino_heartbeat_rp\".\"system.gc\" WHERE \"vm_name\" =~ /^$vm_name$/ AND $timeFilter GROUP BY \"collector_name\" fill(none)",
          "rawQuery": false,
          "refId": "A",
          "resultFormat": "time_series",
          "select": [
            [
              {
                "params": [
                  "jit_time"
                ],
                "type": "field"
              },
              {
                "params": [],
                "type": "last"
              },
              {
                "params": [],
                "type": "difference"
              }
            ]
          ],
          "tags": [
            {
              "key": "vm_name",
              "operator": "=~",
              "value": "/^$vm_name$/"
            }
          ]
        }
      ],
      "title": "Just In Time Compiler",
      "type": "timeseries"
    },
    {
      "datasource": {
        "type": "influxdb",
        "uid": "$datasource"
      },
      "description": "This graph shows the heap memory usage for the process as reported by the last heartbeat received from the XVM.\n\n* **Heap Used**: The amount of heap memory currently used by the application. \n* **Heap Init**: The amount of heap memory that the Java virtual machine initially requested from the operating system.\n* **Heap Committed**: The amount of heap memory guaranteed (committed) for the Java virtual machine to use.\n* **Heap Max**: The maximum amount of memory in bytes that can be used for heap memory management.\n\n  This amount of memory is not guaranteed to be available for memory management if it is greater than the amount of committed memory. The Java virtual machine may fail to allocate memory even if the amount of used memory does not exceed this maximum size.\n\n  A value of -1 indicates that the maximum memory size is undefined.\n\n*The values shown are current to the last reported heartbeat collected by this XVM. If no heartbeats have been reported in the selected time interval, then no data will be shown.*",
      "fieldConfig": {
        "defaults": {
          "color": {
            "mode": "palette-classic"
          },
          "custom": {
            "axisCenteredZero": false,
            "axisColorMode": "text",
            "axisLabel": "Memory",
            "axisPlacement": "auto",
            "barAlignment": 0,
            "drawStyle": "line",
            "fillOpacity": 10,
            "gradientMode": "none",
            "hideFrom": {
              "legend": false,
              "tooltip": false,
              "viz": false
            },
            "insertNulls": false,
            "lineInterpolation": "linear",
            "lineWidth": 2,
            "pointSize": 5,
            "scaleDistribution": {
              "type": "linear"
            },
            "showPoints": "never",
            "spanNulls": 60000,
            "stacking": {
              "group": "A",
              "mode": "none"
            },
            "thresholdsStyle": {
              "mode": "off"
            }
          },
          "mappings": [],
          "min": 0,
          "thresholds": {
            "mode": "absolute",
            "steps": [
              {
                "color": "green",
                "value": null
              },
              {
                "color": "red",
                "value": 80
              }
            ]
          },
          "unit": "decbytes"
        },
        "overrides": []
      },
      "gridPos": {
        "h": 10,
        "w": 12,
        "x": 0,
        "y": 18
      },
      "id": 4,
      "links": [],
      "options": {
        "legend": {
          "calcs": [
            "mean",
            "lastNotNull",
            "max"
          ],
          "displayMode": "table",
          "placement": "bottom",
          "showLegend": true
        },
        "tooltip": {
          "mode": "multi",
          "sort": "none"
        }
      },
      "pluginVersion": "10.1.1",
      "targets": [
        {
          "alias": "$col",
          "datasource": {
            "uid": "$datasource"
          },
          "dsType": "influxdb",
          "groupBy": [
            {
              "params": [
                "$interval"
              ],
              "type": "time"
            },
            {
              "params": [
                "null"
              ],
              "type": "fill"
            }
          ],
          "measurement": "system",
          "orderByTime": "ASC",
          "policy": "lumino_heartbeat_rp",
          "query": "SELECT \"memory_heap_used\" as \"Heap Used\",  \"memory_heap_init\" as \"Heap Init\", \"memory_heap_committed\" as \"Heap Committed\",  \"memory_heap_max\" as \"Heap Max\"  FROM \"lumino_heartbeat_rp\".\"system\" WHERE \"vm_name\" =~ /^$vm_name$/ AND $timeFilter fill(null)",
          "rawQuery": false,
          "refId": "A",
          "resultFormat": "time_series",
          "select": [
            [
              {
                "params": [
                  "memory_heap_used"
                ],
                "type": "field"
              },
              {
                "params": [],
                "type": "mean"
              }
            ]
          ],
          "tags": [
            {
              "key": "vm_name",
              "operator": "=~",
              "value": "/^$vm_name$/"
            }
          ]
        }
      ],
      "title": "Heap Memory Usage",
      "type": "timeseries"
    },
    {
      "datasource": {
        "type": "influxdb",
        "uid": "$datasource"
      },
      "description": "This graph shows the non-heap memory usage for the process as reported by the last heartbeat received from this XVM.\n\n* **Non-Heap Used**: The amount of non-heap memory used by the process in which the application is running. \n* **Non-Heap Init**: The amount of non-heap memory that the Java virtual machine initially requests from the operating system.\n* **Non-Heap Committed**: This amount of non-heap memory guaranteed (committed) for the Java virtual machine to use.\n* **Non-Heap Max**: The maximum amount memory in bytes that can be used for non-heap memory management.\n\n  This amount of memory is not guaranteed to be available for memory management if it is greater than the amount of committed memory. The Java virtual machine may fail to allocate memory even if the amount of used memory does not exceed this maximum size.\n\n  A value of -1 indicates that the maximum memory size is undefined.\n\n*The values shown are current to the last reported heartbeat collected by this XVM. If no heartbeats have been reported in the selected time interval, then no data will be shown.*",
      "fieldConfig": {
        "defaults": {
          "color": {
            "mode": "palette-classic"
          },
          "custom": {
            "axisCenteredZero": false,
            "axisColorMode": "text",
            "axisLabel": "Memory",
            "axisPlacement": "auto",
            "barAlignment": 0,
            "drawStyle": "line",
            "fillOpacity": 10,
            "gradientMode": "none",
            "hideFrom": {
              "legend": false,
              "tooltip": false,
              "viz": false
            },
            "insertNulls": 60000,
            "lineInterpolation": "linear",
            "lineWidth": 2,
            "pointSize": 5,
            "scaleDistribution": {
              "type": "linear"
            },
            "showPoints": "never",
            "spanNulls": false,
            "stacking": {
              "group": "A",
              "mode": "none"
            },
            "thresholdsStyle": {
              "mode": "off"
            }
          },
          "mappings": [],
          "thresholds": {
            "mode": "absolute",
            "steps": [
              {
                "color": "green",
                "value": null
              },
              {
                "color": "red",
                "value": 80
              }
            ]
          },
          "unit": "decbytes"
        },
        "overrides": []
      },
      "gridPos": {
        "h": 10,
        "w": 12,
        "x": 12,
        "y": 18
      },
      "id": 11,
      "links": [],
      "options": {
        "legend": {
          "calcs": [
            "mean",
            "lastNotNull",
            "max"
          ],
          "displayMode": "table",
          "placement": "bottom",
          "showLegend": true
        },
        "tooltip": {
          "mode": "multi",
          "sort": "none"
        }
      },
      "pluginVersion": "10.1.1",
      "targets": [
        {
          "alias": "$col",
          "datasource": {
            "uid": "$datasource"
          },
          "dsType": "influxdb",
          "groupBy": [
            {
              "params": [
                "$interval"
              ],
              "type": "time"
            }
          ],
          "measurement": "system",
          "orderByTime": "ASC",
          "policy": "lumino_heartbeat_rp",
          "query": "SELECT  \"memory_non_heap_used\" as \"Non Heap Used\",  \"memory_non_heap_init\" as \"Non Heap Init\", \"memory_non_heap_committed\" as \"Non Heap Committed\",  \"memory_non_heap_max\" as \"Non Heap Max\"  FROM \"lumino_heartbeat_rp\".\"system\" WHERE \"vm_name\" =~ /^$vm_name$/ AND $timeFilter fill(null)",
          "rawQuery": true,
          "refId": "B",
          "resultFormat": "time_series",
          "select": [
            [
              {
                "params": [
                  "memory_heap_committed"
                ],
                "type": "field"
              },
              {
                "params": [],
                "type": "mean"
              }
            ]
          ],
          "tags": [
            {
              "key": "vm_name",
              "operator": "=~",
              "value": "/^$vm_name$/"
            }
          ]
        }
      ],
      "title": "Non Heap Memory Usage",
      "type": "timeseries"
    },
    {
      "datasource": {
        "type": "influxdb",
        "uid": "$datasource"
      },
      "description": "This graph shows the off-heap memory usage for the process as reported by the last heartbeat received from this XVM.\n\n* **Bytes Live (Native)**: The amount of live off-heap memory that the process has directly allocated as native memory blocks. \n* **Bytes Live (IOBuf)**: The amount of live off-heap memory that the process is using via allocated IO Buffers. \n* **Bytes Pooled**: This amount of off-heap memory pooled/cached for future use.",
      "fieldConfig": {
        "defaults": {
          "color": {
            "mode": "palette-classic"
          },
          "custom": {
            "axisCenteredZero": false,
            "axisColorMode": "text",
            "axisLabel": "Memory",
            "axisPlacement": "auto",
            "barAlignment": 0,
            "drawStyle": "line",
            "fillOpacity": 10,
            "gradientMode": "none",
            "hideFrom": {
              "legend": false,
              "tooltip": false,
              "viz": false
            },
            "insertNulls": 60000,
            "lineInterpolation": "linear",
            "lineWidth": 2,
            "pointSize": 5,
            "scaleDistribution": {
              "type": "linear"
            },
            "showPoints": "never",
            "spanNulls": false,
            "stacking": {
              "group": "A",
              "mode": "none"
            },
            "thresholdsStyle": {
              "mode": "off"
            }
          },
          "mappings": [],
          "thresholds": {
            "mode": "absolute",
            "steps": [
              {
                "color": "green"
              },
              {
                "color": "red",
                "value": 80
              }
            ]
          },
          "unit": "decbytes"
        },
        "overrides": []
      },
      "gridPos": {
        "h": 10,
        "w": 24,
        "x": 0,
        "y": 28
      },
      "id": 26,
      "links": [],
      "options": {
        "legend": {
          "calcs": [
            "mean",
            "lastNotNull",
            "max"
          ],
          "displayMode": "table",
          "placement": "bottom",
          "showLegend": true
        },
        "tooltip": {
          "mode": "multi",
          "sort": "none"
        }
      },
      "pluginVersion": "10.1.1",
      "targets": [
        {
          "alias": "$col",
          "datasource": {
            "uid": "$datasource"
          },
          "dsType": "influxdb",
          "groupBy": [
            {
              "params": [
                "$interval"
              ],
              "type": "time"
            }
          ],
          "measurement": "system",
          "orderByTime": "ASC",
          "policy": "lumino_heartbeat_rp",
          "query": "SELECT  \"memory_iobuf_bytes_pooled\" as \"Bytes Pooled\", \"memory_native_bytes_live\" as \"Bytes Live (Native)\", \"memory_iobuf_bytes_live\" as \"Bytes Live (IOBuf)\" FROM \"lumino_heartbeat_rp\".\"system\" WHERE \"vm_name\" =~ /^$vm_name$/ AND $timeFilter fill(null)",
          "rawQuery": true,
          "refId": "B",
          "resultFormat": "time_series",
          "select": [
            [
              {
                "params": [
                  "memory_heap_committed"
                ],
                "type": "field"
              },
              {
                "params": [],
                "type": "mean"
              }
            ]
          ],
          "tags": [
            {
              "key": "vm_name",
              "operator": "=~",
              "value": "/^$vm_name$/"
            }
          ]
        }
      ],
      "title": "Off Heap Memory Usage",
      "type": "timeseries"
    },
    {
      "datasource": {
        "type": "influxdb",
        "uid": "$datasource"
      },
      "description": "This graph shows overall memory usage for the host on which this XVM is running as reported by the last heartbeat received from this XVM. \n\n* **Host Used**: The total amount of physical memory currently in use on the host. \n* **Host Total**: The total amount of physical memory on the host. \n\n*The values shown are current to the last reported heartbeat collected by this XVM. If no heartbeats have been reported in the selected time interval, then no data will be shown.*",
      "fieldConfig": {
        "defaults": {
          "color": {
            "mode": "palette-classic"
          },
          "custom": {
            "axisCenteredZero": false,
            "axisColorMode": "text",
            "axisLabel": "",
            "axisPlacement": "auto",
            "barAlignment": 0,
            "drawStyle": "line",
            "fillOpacity": 10,
            "gradientMode": "none",
            "hideFrom": {
              "legend": false,
              "tooltip": false,
              "viz": false
            },
            "insertNulls": 60000,
            "lineInterpolation": "linear",
            "lineWidth": 2,
            "pointSize": 5,
            "scaleDistribution": {
              "type": "linear"
            },
            "showPoints": "never",
            "spanNulls": 60000,
            "stacking": {
              "group": "A",
              "mode": "none"
            },
            "thresholdsStyle": {
              "mode": "off"
            }
          },
          "mappings": [],
          "min": 0,
          "thresholds": {
            "mode": "absolute",
            "steps": [
              {
                "color": "green"
              },
              {
                "color": "red",
                "value": 80
              }
            ]
          },
          "unit": "decbytes"
        },
        "overrides": []
      },
      "gridPos": {
        "h": 9,
        "w": 24,
        "x": 0,
        "y": 38
      },
      "id": 12,
      "links": [],
      "options": {
        "legend": {
          "calcs": [
            "mean",
            "lastNotNull",
            "max"
          ],
          "displayMode": "table",
          "placement": "bottom",
          "showLegend": true
        },
        "tooltip": {
          "mode": "multi",
          "sort": "none"
        }
      },
      "pluginVersion": "10.1.1",
      "targets": [
        {
          "alias": "$col",
          "datasource": {
            "uid": "$datasource"
          },
          "dsType": "influxdb",
          "groupBy": [
            {
              "params": [
                "$interval"
              ],
              "type": "time"
            }
          ],
          "measurement": "system",
          "orderByTime": "ASC",
          "policy": "lumino_heartbeat_rp",
          "query": "SELECT (last(\"memory_physical_size_total\") - last(\"memory_physical_size_free\")) AS \"Host Used\" FROM \"lumino_heartbeat_rp\".\"system\" WHERE \"vm_name\" =~ /^$vm_name$/ AND $timeFilter GROUP BY time($interval) fill(null)",
          "rawQuery": true,
          "refId": "B",
          "resultFormat": "time_series",
          "select": [
            [
              {
                "params": [
                  "memory_physical_size_free"
                ],
                "type": "field"
              },
              {
                "params": [],
                "type": "mean"
              },
              {
                "params": [
                  "Used"
                ],
                "type": "alias"
              }
            ]
          ],
          "tags": [
            {
              "key": "vm_name",
              "operator": "=~",
              "value": "/^$vm_name$/"
            }
          ]
        },
        {
          "alias": "$col",
          "datasource": {
            "uid": "$datasource"
          },
          "dsType": "influxdb",
          "groupBy": [
            {
              "params": [
                "$interval"
              ],
              "type": "time"
            }
          ],
          "measurement": "system",
          "orderByTime": "ASC",
          "policy": "lumino_heartbeat_rp",
          "query": "SELECT last(\"memory_physical_size_total\") AS \"Host Total\" FROM \"lumino_heartbeat_rp\".\"system\" WHERE \"vm_name\" =~ /^$vm_name$/ AND $timeFilter GROUP BY time($interval) fill(null)",
          "rawQuery": true,
          "refId": "A",
          "resultFormat": "time_series",
          "select": [
            [
              {
                "params": [
                  "memory_physical_size_total"
                ],
                "type": "field"
              },
              {
                "params": [],
                "type": "mean"
              },
              {
                "params": [
                  "Total"
                ],
                "type": "alias"
              }
            ]
          ],
          "tags": [
            {
              "key": "vm_name",
              "operator": "=~",
              "value": "/^$vm_name$/"
            }
          ]
        }
      ],
      "title": "Host Memory",
      "type": "timeseries"
    },
    {
      "collapsed": true,
      "datasource": {
        "type": "influxdb",
        "uid": "e8057bed-749f-4616-9579-2005d068cb1f"
      },
      "gridPos": {
        "h": 1,
        "w": 24,
        "x": 0,
        "y": 47
      },
      "id": 24,
      "panels": [
        {
          "datasource": {
            "uid": "$datasource"
          },
          "description": "When Binary heartbeat logging is enabled for the XVM, this graph charts this size of the file.",
          "fieldConfig": {
            "defaults": {
              "color": {
                "mode": "palette-classic"
              },
              "custom": {
                "axisCenteredZero": false,
                "axisColorMode": "text",
                "axisLabel": "",
                "axisPlacement": "auto",
                "barAlignment": 0,
                "drawStyle": "line",
                "fillOpacity": 10,
                "gradientMode": "none",
                "hideFrom": {
                  "legend": false,
                  "tooltip": false,
                  "viz": false
                },
                "insertNulls": false,
                "lineInterpolation": "linear",
                "lineWidth": 2,
                "pointSize": 5,
                "scaleDistribution": {
                  "type": "linear"
                },
                "showPoints": "never",
                "spanNulls": true,
                "stacking": {
                  "group": "A",
                  "mode": "none"
                },
                "thresholdsStyle": {
                  "mode": "off"
                }
              },
              "mappings": [],
              "min": 0,
              "thresholds": {
                "mode": "absolute",
                "steps": [
                  {
                    "color": "green"
                  },
                  {
                    "color": "red",
                    "value": 80
                  }
                ]
              },
              "unit": "decbytes"
            },
            "overrides": []
          },
          "gridPos": {
            "h": 9,
            "w": 24,
            "x": 0,
            "y": 3
          },
          "id": 13,
          "interval": ">10s",
          "links": [],
          "options": {
            "legend": {
              "calcs": [
                "lastNotNull"
              ],
              "displayMode": "table",
              "placement": "bottom",
              "showLegend": true
            },
            "tooltip": {
              "mode": "multi",
              "sort": "none"
            }
          },
          "pluginVersion": "10.1.1",
          "targets": [
            {
              "alias": "File Size",
              "datasource": {
                "uid": "$datasource"
              },
              "dsType": "influxdb",
              "groupBy": [
                {
                  "params": [
                    "$interval"
                  ],
                  "type": "time"
                },
                {
                  "params": [
                    "null"
                  ],
                  "type": "fill"
                }
              ],
              "measurement": "xvm.heartbeats.logger",
              "orderByTime": "ASC",
              "policy": "lumino_heartbeat_rp",
              "query": "SELECT last(\"file_size\") AS \"File Size\" FROM \"lumino_heartbeat_rp\".\"application.pertransactionstats.logger\" WHERE \"vm_name\" =~ /^$vm_name$/ AND $timeFilter GROUP BY time($interval) fill(null)",
              "rawQuery": false,
              "refId": "A",
              "resultFormat": "time_series",
              "select": [
                [
                  {
                    "params": [
                      "file_size"
                    ],
                    "type": "field"
                  },
                  {
                    "params": [],
                    "type": "last"
                  },
                  {
                    "params": [
                      "File Size"
                    ],
                    "type": "alias"
                  }
                ]
              ],
              "tags": [
                {
                  "key": "vm_name",
                  "operator": "=~",
                  "value": "/^$vm_name$/"
                }
              ]
            },
            {
              "alias": "File Size Used",
              "datasource": {
                "uid": "$datasource"
              },
              "dsType": "influxdb",
              "groupBy": [
                {
                  "params": [
                    "$interval"
                  ],
                  "type": "time"
                },
                {
                  "params": [
                    "null"
                  ],
                  "type": "fill"
                }
              ],
              "measurement": "xvm.heartbeats.logger",
              "orderByTime": "ASC",
              "policy": "lumino_heartbeat_rp",
              "query": "SELECT last(\"file_size\") AS \"File Size\" FROM \"lumino_heartbeat_rp\".\"application.pertransactionstats.logger\" WHERE \"vm_name\" =~ /^$vm_name$/ AND $timeFilter GROUP BY time($interval) fill(null)",
              "rawQuery": false,
              "refId": "B",
              "resultFormat": "time_series",
              "select": [
                [
                  {
                    "params": [
                      "file_size_used"
                    ],
                    "type": "field"
                  },
                  {
                    "params": [],
                    "type": "last"
                  },
                  {
                    "params": [
                      "File Size Used"
                    ],
                    "type": "alias"
                  }
                ]
              ],
              "tags": [
                {
                  "key": "vm_name",
                  "operator": "=~",
                  "value": "/^$vm_name$/"
                }
              ]
            }
          ],
          "title": "Binary Heartbeat Logger",
          "type": "timeseries"
        },
        {
          "datasource": {
            "type": "influxdb",
            "uid": "e8057bed-749f-4616-9579-2005d068cb1f"
          },
          "description": "When binary heartbeat logging is enabled for the XVM, this table displays binary heartbeat logging statistics from the last heartbeat received from the XVM. \n\n* **Commits**: The number of times the logger has been committed.\n* **Heartbeats Logged**: The number of heartbeats logged to the file. \n* **File Size**: The size of the file in on disk. \n* **File Size Used**: The size of the file that is used (which may be less than File Size if the file was preallocated). \n*  **Average Entry Size**: The average size of entries logged.",
          "fieldConfig": {
            "defaults": {
              "color": {
                "mode": "thresholds"
              },
              "custom": {
                "cellOptions": {
                  "type": "auto"
                },
                "inspect": false
              },
              "decimals": 2,
              "displayName": "",
              "mappings": [],
              "thresholds": {
                "mode": "absolute",
                "steps": [
                  {
                    "color": "green"
                  },
                  {
                    "color": "red",
                    "value": 80
                  }
                ]
              },
              "unit": "short"
            },
            "overrides": [
              {
                "matcher": {
                  "id": "byName",
                  "options": "Time"
                },
                "properties": [
                  {
                    "id": "custom.align"
                  }
                ]
              },
              {
                "matcher": {
                  "id": "byName",
                  "options": "File Size"
                },
                "properties": [
                  {
                    "id": "displayName",
                    "value": "File Size"
                  },
                  {
                    "id": "unit",
                    "value": "decbytes"
                  },
                  {
                    "id": "decimals",
                    "value": 2
                  },
                  {
                    "id": "custom.align"
                  }
                ]
              },
              {
                "matcher": {
                  "id": "byName",
                  "options": "File Size Used"
                },
                "properties": [
                  {
                    "id": "displayName",
                    "value": "File Size Used"
                  },
                  {
                    "id": "unit",
                    "value": "decbytes"
                  },
                  {
                    "id": "decimals",
                    "value": 2
                  },
                  {
                    "id": "custom.align"
                  }
                ]
              },
              {
                "matcher": {
                  "id": "byName",
                  "options": "Metric"
                },
                "properties": [
                  {
                    "id": "unit",
                    "value": "short"
                  },
                  {
                    "id": "custom.align"
                  }
                ]
              },
              {
                "matcher": {
                  "id": "byName",
                  "options": "Messages"
                },
                "properties": [
                  {
                    "id": "displayName",
                    "value": "Heartbeats Logged"
                  },
                  {
                    "id": "unit",
                    "value": "short"
                  },
                  {
                    "id": "custom.align"
                  }
                ]
              },
              {
                "matcher": {
                  "id": "byName",
                  "options": "Average Entry Size"
                },
                "properties": [
                  {
                    "id": "unit",
                    "value": "decbytes"
                  },
                  {
                    "id": "decimals",
                    "value": 2
                  },
                  {
                    "id": "custom.align"
                  }
                ]
              }
            ]
          },
          "gridPos": {
            "h": 3,
            "w": 24,
            "x": 0,
            "y": 12
          },
          "id": 19,
          "links": [],
          "options": {
            "cellHeight": "sm",
            "footer": {
              "countRows": false,
              "fields": "",
              "reducer": [
                "sum"
              ],
              "show": false
            },
            "showHeader": true
          },
          "pluginVersion": "10.1.1",
          "targets": [
            {
              "datasource": {
                "type": "influxdb",
                "uid": "e8057bed-749f-4616-9579-2005d068cb1f"
              },
              "dsType": "influxdb",
              "groupBy": [
                {
                  "params": [
                    "$__interval"
                  ],
                  "type": "time"
                },
                {
                  "params": [
                    "null"
                  ],
                  "type": "fill"
                }
              ],
              "orderByTime": "ASC",
              "policy": "default",
              "query": "SELECT last(\"commits\") AS \"Commits\", \"messages\" AS \"Messages\", \"file_size\" AS \"File Size\", \"file_size_used\" AS \"File Size Used\" FROM \"lumino_heartbeat_rp\".\"xvm.heartbeats.logger\" WHERE \"vm_name\" =~ /^$vm_name$/ AND $timeFilter ORDER BY time DESC LIMIT 1",
              "rawQuery": true,
              "refId": "A",
              "resultFormat": "table",
              "select": [
                [
                  {
                    "params": [
                      "value"
                    ],
                    "type": "field"
                  },
                  {
                    "params": [],
                    "type": "mean"
                  }
                ]
              ],
              "tags": []
            },
            {
              "datasource": {
                "type": "influxdb",
                "uid": "e8057bed-749f-4616-9579-2005d068cb1f"
              },
              "dsType": "influxdb",
              "groupBy": [
                {
                  "params": [
                    "$__interval"
                  ],
                  "type": "time"
                },
                {
                  "params": [
                    "null"
                  ],
                  "type": "fill"
                }
              ],
              "orderByTime": "ASC",
              "policy": "default",
              "query": "SELECT (last(\"file_size_used\") / last(\"messages\")) AS \"Average Entry Size\"  FROM \"lumino_heartbeat_rp\".\"xvm.heartbeats.logger\" WHERE \"vm_name\" =~ /^$vm_name$/ AND \"messages\" > 0 AND $timeFilter ORDER BY time DESC LIMIT 1",
              "rawQuery": true,
              "refId": "B",
              "resultFormat": "table",
              "select": [
                [
                  {
                    "params": [
                      "value"
                    ],
                    "type": "field"
                  },
                  {
                    "params": [],
                    "type": "mean"
                  }
                ]
              ],
              "tags": []
            }
          ],
          "title": "Binary Heartbeat Logger Stats",
          "transformations": [
            {
              "id": "merge",
              "options": {
                "reducers": []
              }
            }
          ],
          "type": "table"
        },
        {
          "datasource": {
            "uid": "$datasource"
          },
          "description": "This panel reports heartbeat emission statistics for admin clients that have connected to the XVM during the selected time interval. \n\nThis table can be used to determine what data is being sent to each client and whether or not any data was dropped by the XVM due to client congestion. \n\n* **Q Capacity**: The size of the delivery queue for the admin client. \n* **Q Size**: The size of admin packets currently queued for delivery to the client. \n*  **Queued**: The number of admin packets currently queued for the client. \n* **Heartbeats Sent**: The cumulative number of heartbeats sent to the client:\n* **Heartbeats Dropped**: The number of heartbeats dropped for this client due to client congestion. \n* **Trace Records Sent**: The cumulative number of trace records sent to the client:\n* **Trace Records Dropped**: The number of trace records dropped for this client due to client congestion. \n* **Lifecycle Events Sent**: The cumulative number of lifecycle events sent to the client.",
          "fieldConfig": {
            "defaults": {
              "color": {
                "mode": "thresholds"
              },
              "custom": {
                "align": "left",
                "cellOptions": {
                  "type": "auto"
                },
                "inspect": false
              },
              "decimals": 0,
              "displayName": "",
              "mappings": [],
              "thresholds": {
                "mode": "absolute",
                "steps": [
                  {
                    "color": "green"
                  },
                  {
                    "color": "red",
                    "value": 80
                  }
                ]
              },
              "unit": "none"
            },
            "overrides": [
              {
                "matcher": {
                  "id": "byName",
                  "options": "Time"
                },
                "properties": []
              },
              {
                "matcher": {
                  "id": "byName",
                  "options": "Metric"
                },
                "properties": [
                  {
                    "id": "unit",
                    "value": "short"
                  },
                  {
                    "id": "decimals",
                    "value": 2
                  },
                  {
                    "id": "custom.align"
                  }
                ]
              },
              {
                "matcher": {
                  "id": "byName",
                  "options": "Q Capacity"
                },
                "properties": [
                  {
                    "id": "unit",
                    "value": "decbytes"
                  },
                  {
                    "id": "decimals",
                    "value": 2
                  }
                ]
              },
              {
                "matcher": {
                  "id": "byName",
                  "options": "Q Size"
                },
                "properties": [
                  {
                    "id": "unit",
                    "value": "bytes"
                  }
                ]
              },
              {
                "matcher": {
                  "id": "byName",
                  "options": "name"
                },
                "properties": [
                  {
                    "id": "custom.width",
                    "value": 181
                  }
                ]
              }
            ]
          },
          "gridPos": {
            "h": 7,
            "w": 24,
            "x": 0,
            "y": 15
          },
          "id": 14,
          "interval": "> 5m",
          "links": [],
          "options": {
            "cellHeight": "md",
            "footer": {
              "countRows": false,
              "fields": "",
              "reducer": [
                "sum"
              ],
              "show": false
            },
            "showHeader": true,
            "sortBy": []
          },
          "pluginVersion": "10.1.1",
          "targets": [
            {
              "datasource": {
                "uid": "$datasource"
              },
              "dsType": "influxdb",
              "groupBy": [
                {
                  "params": [
                    "$interval"
                  ],
                  "type": "time"
                },
                {
                  "params": [
                    "name"
                  ],
                  "type": "tag"
                },
                {
                  "params": [
                    "null"
                  ],
                  "type": "fill"
                }
              ],
              "measurement": "client.admin",
              "orderByTime": "ASC",
              "policy": "lumino_heartbeat_rp",
              "query": "SELECT last(\"outboundQueueCapacity\") AS \"Q Capacity\", (\"outboundQueueSize\") AS \"Q Size\", \"outboundQueueCount\" AS \"Queued\" FROM \"lumino_heartbeat_rp\".\"client.admin\" WHERE \"vm_name\" =~ /^$vm_name$/ AND $timeFilter GROUP BY \"name\" fill(previous)",
              "rawQuery": true,
              "refId": "A",
              "resultFormat": "table",
              "select": [
                [
                  {
                    "params": [
                      "lifecyclesSent"
                    ],
                    "type": "field"
                  },
                  {
                    "params": [],
                    "type": "last"
                  },
                  {
                    "params": [
                      "Lifecycle Events Sent"
                    ],
                    "type": "alias"
                  }
                ]
              ],
              "tags": [
                {
                  "key": "vm_name",
                  "operator": "=~",
                  "value": "/^$vm_name$/"
                }
              ]
            },
            {
              "datasource": {
                "uid": "$datasource"
              },
              "dsType": "influxdb",
              "groupBy": [
                {
                  "params": [
                    "$interval"
                  ],
                  "type": "time"
                },
                {
                  "params": [
                    "name"
                  ],
                  "type": "tag"
                },
                {
                  "params": [
                    "null"
                  ],
                  "type": "fill"
                }
              ],
              "measurement": "client.admin",
              "orderByTime": "ASC",
              "policy": "lumino_heartbeat_rp",
              "query": "SELECT last(\"heartbeatsSent\") - min(\"heartbeatsSent\") AS \"Heartbeats Sent\" FROM \"lumino_heartbeat_rp\".\"client.admin\" WHERE \"vm_name\" =~ /^$vm_name$/ AND $timeFilter GROUP BY \"name\" fill(previous)",
              "rawQuery": true,
              "refId": "B",
              "resultFormat": "table",
              "select": [
                [
                  {
                    "params": [
                      "lifecyclesSent"
                    ],
                    "type": "field"
                  },
                  {
                    "params": [],
                    "type": "last"
                  },
                  {
                    "params": [
                      "Lifecycle Events Sent"
                    ],
                    "type": "alias"
                  }
                ]
              ],
              "tags": [
                {
                  "key": "vm_name",
                  "operator": "=~",
                  "value": "/^$vm_name$/"
                }
              ]
            },
            {
              "datasource": {
                "uid": "$datasource"
              },
              "dsType": "influxdb",
              "groupBy": [
                {
                  "params": [
                    "$interval"
                  ],
                  "type": "time"
                },
                {
                  "params": [
                    "name"
                  ],
                  "type": "tag"
                },
                {
                  "params": [
                    "null"
                  ],
                  "type": "fill"
                }
              ],
              "measurement": "client.admin",
              "orderByTime": "ASC",
              "policy": "lumino_heartbeat_rp",
              "query": "SELECT last(\"heartbeatsDropped\")  - min(\"heartbeatsDropped\") AS \"Heartbeats Dropped\" FROM \"lumino_heartbeat_rp\".\"client.admin\" WHERE \"vm_name\" =~ /^$vm_name$/ AND $timeFilter GROUP BY \"name\" fill(previous)",
              "rawQuery": true,
              "refId": "C",
              "resultFormat": "table",
              "select": [
                [
                  {
                    "params": [
                      "lifecyclesSent"
                    ],
                    "type": "field"
                  },
                  {
                    "params": [],
                    "type": "last"
                  },
                  {
                    "params": [
                      "Lifecycle Events Sent"
                    ],
                    "type": "alias"
                  }
                ]
              ],
              "tags": [
                {
                  "key": "vm_name",
                  "operator": "=~",
                  "value": "/^$vm_name$/"
                }
              ]
            },
            {
              "datasource": {
                "uid": "$datasource"
              },
              "dsType": "influxdb",
              "groupBy": [
                {
                  "params": [
                    "$interval"
                  ],
                  "type": "time"
                },
                {
                  "params": [
                    "name"
                  ],
                  "type": "tag"
                },
                {
                  "params": [
                    "null"
                  ],
                  "type": "fill"
                }
              ],
              "measurement": "client.admin",
              "orderByTime": "ASC",
              "policy": "lumino_heartbeat_rp",
              "query": "SELECT last(\"tracesSent\") - min(\"tracesSent\") AS \"Trace Records Sent\" FROM \"lumino_heartbeat_rp\".\"client.admin\" WHERE \"vm_name\" =~ /^$vm_name$/ AND $timeFilter GROUP BY \"name\" fill(previous)",
              "rawQuery": true,
              "refId": "D",
              "resultFormat": "table",
              "select": [
                [
                  {
                    "params": [
                      "lifecyclesSent"
                    ],
                    "type": "field"
                  },
                  {
                    "params": [],
                    "type": "last"
                  },
                  {
                    "params": [
                      "Lifecycle Events Sent"
                    ],
                    "type": "alias"
                  }
                ]
              ],
              "tags": [
                {
                  "key": "vm_name",
                  "operator": "=~",
                  "value": "/^$vm_name$/"
                }
              ]
            },
            {
              "datasource": {
                "uid": "$datasource"
              },
              "dsType": "influxdb",
              "groupBy": [
                {
                  "params": [
                    "$interval"
                  ],
                  "type": "time"
                },
                {
                  "params": [
                    "name"
                  ],
                  "type": "tag"
                },
                {
                  "params": [
                    "null"
                  ],
                  "type": "fill"
                }
              ],
              "measurement": "client.admin",
              "orderByTime": "ASC",
              "policy": "lumino_heartbeat_rp",
              "query": "SELECT last(\"tracesDropped\")  - min(\"tracesDropped\")  AS \"Trace Records Dropped\" FROM \"lumino_heartbeat_rp\".\"client.admin\" WHERE \"vm_name\" =~ /^$vm_name$/ AND $timeFilter GROUP BY \"name\" fill(previous)",
              "rawQuery": true,
              "refId": "E",
              "resultFormat": "table",
              "select": [
                [
                  {
                    "params": [
                      "lifecyclesSent"
                    ],
                    "type": "field"
                  },
                  {
                    "params": [],
                    "type": "last"
                  },
                  {
                    "params": [
                      "Lifecycle Events Sent"
                    ],
                    "type": "alias"
                  }
                ]
              ],
              "tags": [
                {
                  "key": "vm_name",
                  "operator": "=~",
                  "value": "/^$vm_name$/"
                }
              ]
            },
            {
              "datasource": {
                "uid": "$datasource"
              },
              "dsType": "influxdb",
              "groupBy": [
                {
                  "params": [
                    "$interval"
                  ],
                  "type": "time"
                },
                {
                  "params": [
                    "name"
                  ],
                  "type": "tag"
                },
                {
                  "params": [
                    "null"
                  ],
                  "type": "fill"
                }
              ],
              "measurement": "client.admin",
              "orderByTime": "ASC",
              "policy": "lumino_heartbeat_rp",
              "query": "SELECT last(\"lifecyclesSent\")  - min(\"lifecyclesSent\") AS \"Events Sent\" FROM \"lumino_heartbeat_rp\".\"client.admin\" WHERE \"vm_name\" =~ /^$vm_name$/ AND $timeFilter GROUP BY \"name\" fill(previous)",
              "rawQuery": true,
              "refId": "F",
              "resultFormat": "table",
              "select": [
                [
                  {
                    "params": [
                      "lifecyclesSent"
                    ],
                    "type": "field"
                  },
                  {
                    "params": [],
                    "type": "last"
                  },
                  {
                    "params": [
                      "Lifecycle Events Sent"
                    ],
                    "type": "alias"
                  }
                ]
              ],
              "tags": [
                {
                  "key": "vm_name",
                  "operator": "=~",
                  "value": "/^$vm_name$/"
                }
              ]
            },
            {
              "datasource": {
                "uid": "$datasource"
              },
              "dsType": "influxdb",
              "groupBy": [
                {
                  "params": [
                    "$interval"
                  ],
                  "type": "time"
                },
                {
                  "params": [
                    "name"
                  ],
                  "type": "tag"
                },
                {
                  "params": [
                    "null"
                  ],
                  "type": "fill"
                }
              ],
              "measurement": "client.admin",
              "orderByTime": "ASC",
              "policy": "lumino_heartbeat_rp",
              "query": "SELECT last(\"lifecycleDropped\")  - min(\"lifecycleDropped\") AS \"Events Dropped\" FROM \"lumino_heartbeat_rp\".\"client.admin\" WHERE \"vm_name\" =~ /^$vm_name$/ AND $timeFilter GROUP BY \"name\" fill(previous)",
              "rawQuery": true,
              "refId": "G",
              "resultFormat": "table",
              "select": [
                [
                  {
                    "params": [
                      "lifecyclesSent"
                    ],
                    "type": "field"
                  },
                  {
                    "params": [],
                    "type": "last"
                  },
                  {
                    "params": [
                      "Lifecycle Events Sent"
                    ],
                    "type": "alias"
                  }
                ]
              ],
              "tags": [
                {
                  "key": "vm_name",
                  "operator": "=~",
                  "value": "/^$vm_name$/"
                }
              ]
            }
          ],
          "title": "Admin Client Stats",
          "transformations": [
            {
              "id": "merge",
              "options": {
                "reducers": []
              }
            }
          ],
          "type": "table"
        }
      ],
      "targets": [
        {
          "datasource": {
            "type": "influxdb",
            "uid": "e8057bed-749f-4616-9579-2005d068cb1f"
          },
          "refId": "A"
        }
      ],
      "title": "Heartbeat Emission",
      "type": "row"
    }
  ],
  "refresh": "5s",
  "schemaVersion": 38,
  "style": "dark",
  "tags": [
    "lumino"
  ],
  "templating": {
    "list": [
      {
        "current": {
          "selected": false,
          "text": "lumino",
          "value": "bbe10254-24eb-4c06-ac7e-a7b2ff27fa89"
        },
        "hide": 2,
        "includeAll": false,
        "label": "Data Source",
        "multi": false,
        "name": "datasource",
        "options": [],
        "query": "influxdb",
        "refresh": 1,
        "regex": "",
        "skipUrlSync": false,
        "type": "datasource"
      },
      {
        "current": {
          "selected": false,
          "text": "nvx-lumino-agent",
          "value": "nvx-lumino-agent"
        },
        "datasource": {
          "type": "influxdb",
          "uid": "$datasource"
        },
        "definition": "",
        "hide": 0,
        "includeAll": false,
        "label": "System",
        "multi": false,
        "name": "system_name",
        "options": [],
        "query": "SHOW TAG VALUES FROM \"lumino_heartbeat_rp\".\"application\" WITH KEY = \"system_name\"",
        "refresh": 1,
        "regex": "",
        "skipUrlSync": false,
        "sort": 0,
        "tagValuesQuery": "",
        "tagsQuery": "",
        "type": "query",
        "useTags": false
      },
      {
        "current": {
          "selected": false,
          "text": "lumino-agent-vm",
          "value": "lumino-agent-vm"
        },
        "datasource": {
          "type": "influxdb",
          "uid": "$datasource"
        },
        "definition": "",
        "hide": 0,
        "includeAll": false,
        "label": "XVM",
        "multi": false,
        "name": "vm_name",
        "options": [],
        "query": "SHOW TAG VALUES FROM \"lumino_heartbeat_rp\".\"application\" WITH KEY = \"vm_name\" WHERE \"system_name\" =~ /^$system_name$/",
        "refresh": 1,
        "regex": "",
        "skipUrlSync": false,
        "sort": 0,
        "tagValuesQuery": "",
        "tagsQuery": "",
        "type": "query",
        "useTags": false
      },
      {
        "current": {
          "selected": false,
          "text": "All",
          "value": "$__all"
        },
        "datasource": {
          "type": "influxdb",
          "uid": "$datasource"
        },
        "definition": "",
        "hide": 0,
        "includeAll": true,
        "label": "Application",
        "multi": false,
        "name": "app_name",
        "options": [],
        "query": "SHOW TAG VALUES FROM \"lumino_heartbeat_rp\".\"application\" WITH KEY = \"app_name\" WHERE vm_name =~ /^$vm_name$/ AND \"system_name\" =~ /^$system_name$/",
        "refresh": 1,
        "regex": "",
        "skipUrlSync": false,
        "sort": 0,
        "tagValuesQuery": "",
        "tagsQuery": "",
        "type": "query",
        "useTags": false
      }
    ]
  },
  "time": {
    "from": "now-30m",
    "to": "now"
  },
  "timepicker": {
    "refresh_intervals": [
      "5s",
      "10s",
      "30s",
      "1m",
      "5m",
      "15m",
      "30m",
      "1h",
      "2h",
      "1d"
    ],
    "time_options": [
      "5m",
      "15m",
      "1h",
      "6h",
      "12h",
      "24h",
      "2d",
      "7d",
      "30d"
    ]
  },
  "timezone": "browser",
  "title": "VM",
  "uid": "-u-KrYh7z",
  "version": 2,
  "weekStart": ""
}
